,arma_p,ekspert,ostatecznie
0,46796.145683367766,0.0,49942.11947655401
1,28608.642294002108,18696.0,33939.39393939339
2,22298.979675767827,0.0,34177.494112192
3,30755.349784067515,17200.0,33939.39393939339
4,29756.192145949564,0.0,33939.39393939339
5,28097.130678751244,31500.0,33939.39393939339
